node_id,group
278,0
492,0
1266,0
557,0
871,0
1622,0
891,0
1749,0
1867,0
1798,0
547,0
1896,0
840,0
1920,0
1437,0
1317,0
1143,0
1306,0
1148,0
581,0
180,0
448,0
1116,0
1550,0
1602,0
1537,0
484,0
652,0
1705,0
1689,0
1945,0
538,0
1742,0
776,0
1748,0
1762,0
137,0
503,0
1849,0
606,0
1777,0
1549,0
123,0
1556,0
1764,0
1006,0
524,0
643,0
1247,0
1772,0
1366,0
1893,0
1787,0
1545,0
978,0
1040,0
1324,0
1723,0
991,0
4,0
1683,0
268,0
472,0
1572,0
294,0
748,0
112,0
488,0
802,0
370,0
494,0
1209,0
1899,0
241,0
1025,0
1826,0
826,0
1046,0
851,0
515,0
560,0
1482,0
1174,0
985,0
232,0
1468,0
1628,0
356,0
502,0
1329,0
236,0
1092,0
1715,0
1068,0
83,0
1832,0
459,0
1857,0
1716,0
1237,0
101,0
1423,0
823,0
852,0
615,0
1077,0
385,0
470,0
677,0
1668,0
1840,0
1906,0
45,0
1091,0
145,0
610,0
1623,0
1669,0
1980,0
1695,0
468,0
230,0
1910,0
582,0
1488,0
1170,0
1353,0
1430,0
1438,0
1139,0
1809,0
1188,0
1508,0
1417,0
263,0
231,0
481,0
1277,0
1757,0
323,0
1410,0
1504,0
844,0
1604,0
1218,0
1858,0
1406,0
945,0
445,0
1529,0
1145,0
1870,0
1633,0
1303,0
980,0
401,0
1882,0
1726,0
1452,0
1793,0
1334,0
1181,0
770,0
1368,0
586,0
981,0
1977,0
452,0
1475,0
540,0
275,0
923,0
239,0
768,0
1570,0
199,0
662,0
1739,0
372,0
1512,0
1940,0
681,0
456,0
458,0
1837,0
598,0
1348,0
1586,0
52,0
1195,0
1835,0
157,0
305,0
1600,0
65,0
619,0
735,0
627,0
142,0
1274,0
1911,0
882,0
280,0
1859,0
1431,0
728,0
600,0
529,0
1090,0
1827,0
114,0
1535,0
1471,0
426,0
675,0
1931,0
1965,0
1640,0
825,0
642,0
376,0
411,0
176,0
117,0
1351,0
1477,0
1521,0
1734,0
1878,0
837,0
1433,0
835,0
961,0
916,0
226,0
1976,0
332,0
1146,0
1370,0
1543,0
161,0
1176,0
143,0
352,0
996,0
1156,0
76,0
1685,0
711,0
969,0
1486,0
68,0
418,0
821,0
1552,0
119,0
316,0
69,0
82,0
1362,0
365,0
270,0
1663,0
952,0
93,0
1130,0
694,0
1995,0
633,0
355,0
284,0
1967,0
1367,0
246,0
154,0
1182,0
1516,0
1408,0
3,0
1555,0
1300,0
1740,0
1703,0
240,0
2,0
695,0
1707,0
1113,0
738,0
37,0
1023,0
1804,0
1120,0
1946,0
1212,0
1342,0
1902,0
271,0
1619,0
1719,0
501,0
1398,0
1115,0
905,0
1313,0
1690,0
558,0
1316,0
85,0
1461,0
928,0
1737,0
951,0
344,0
288,0
1108,0
1718,0
1415,0
1489,0
7,0
1118,0
1193,0
1983,0
1484,0
1345,0
1527,0
888,0
1631,0
611,0
1821,0
1924,0
215,0
1605,0
1606,0
465,0
570,0
1464,0
1792,0
1203,0
1611,0
1996,0
1538,0
1381,0
61,0
181,0
84,0
1014,0
625,0
897,0
1815,0
1315,0
1959,0
197,0
248,0
354,0
1387,0
173,0
1397,0
1710,0
1344,0
1982,0
80,0
1735,0
577,0
1282,0
556,0
849,0
874,0
580,0
1042,0
1259,0
66,0
1051,0
1998,0
155,0
1759,0
1922,0
391,0
1912,0
1284,0
1591,0
1629,0
1224,0
909,0
368,0
526,0
1551,0
1134,0
479,0
455,0
1672,0
1932,0
880,0
361,0
1364,0
1290,0
1462,0
505,0
786,0
1674,0
333,0
721,0
1352,0
1680,0
156,0
1828,0
447,0
1514,0
1304,0
1205,0
1662,0
1817,0
1799,0
141,0
346,0
464,0
1615,0
476,0
1443,0
335,0
1728,0
369,0
1180,0
954,0
14,0
1127,0
334,0
601,0
1400,0
862,0
856,0
1018,0
1250,0
1813,0
400,0
204,0
1056,0
1140,0
1129,0
336,0
6,0
1639,0
308,0
1747,0
431,0
1554,0
1067,0
571,0
1876,0
287,0
1098,0
861,0
842,0
532,0
259,0
1256,0
1888,0
1061,0
1914,0
363,0
645,0
756,0
301,0
398,0
1691,0
382,0
1357,0
1097,0
1229,0
1850,0
1526,0
1494,0
614,0
691,0
993,0
1755,0
1491,0
1842,0
696,0
318,0
957,0
1587,0
1444,0
33,0
111,0
552,0
563,0
272,0
185,0
1844,0
1297,0
1216,0
1725,0
1155,0
1166,0
40,0
1101,0
1044,0
1039,0
1460,0
1346,0
795,0
745,0
71,0
1495,0
1275,0
1341,0
1171,0
1820,0
1766,0
575,0
1144,0
1121,0
929,0
1541,0
1825,0
1456,0
665,0
731,0
1268,0
1150,0
384,0
1564,0
1054,0
1743,0
386,0
89,0
1846,0
307,0
286,0
798,0
146,0
1210,0
1990,0
911,0
1881,0
1505,0
183,0
403,0
1573,0
58,0
511,0
441,0
1699,0
541,0
1923,0
1037,0
508,0
659,0
477,0
1421,0
984,0
739,0
462,0
1105,0
771,0
1592,0
960,0
1359,0
599,0
436,0
1566,0
846,0
194,0
1510,0
522,0
1697,0
1084,0
829,0
1952,0
1211,0
715,0
387,0
953,0
1656,0
1263,0
671,0
781,0
265,0
568,0
1971,0
457,0
1758,0
1720,0
1694,0
765,0
273,0
997,0
546,0
1889,0
803,0
46,0
309,0
258,0
1158,0
649,0
1062,0
1973,0
1114,0
188,0
407,0
315,0
1390,0
1991,0
429,0
1355,0
998,0
192,0
1854,0
1955,0
1207,0
1279,0
311,0
1281,0
18,0
917,0
1641,0
17,0
651,0
1653,0
724,0
914,0
1436,0
504,0
827,0
1986,0
757,0
1449,0
792,0
1796,0
421,0
1003,0
1255,0
663,0
371,0
990,0
1333,0
1487,0
877,0
564,0
542,0
807,0
1997,0
1292,0
690,0
1217,0
427,0
1215,0
283,0
349,0
304,0
353,0
1031,0
417,0
1223,0
1727,0
1682,0
624,0
512,0
109,0
885,0
576,0
1603,0
977,0
249,0
1954,0
1474,0
1875,0
160,0
530,0
1251,0
1865,0
1974,0
1776,0
1055,0
949,0
1617,0
736,0
678,0
1312,0
1476,0
41,0
256,0
212,0
1008,0
1399,0
1420,0
729,0
235,0
944,0
1883,0
1026,0
1222,0
1698,0
21,0
1665,0
1648,0
1568,0
510,0
1714,0
994,0
1123,0
1654,0
498,0
763,0
70,0
367,0
1961,0
1806,0
799,0
20,0
1441,0
1536,0
612,0
1900,0
1702,0
1872,0
734,0
1646,0
1722,0
128,0
940,0
402,0
1984,0
1589,0
1886,0
579,0
732,0
1082,0
1253,0
664,0
453,0
1905,0
1636,0
1824,0
519,0
177,0
887,0
1624,0
784,0
312,0
341,0
102,0
1661,0
688,0
1963,0
47,0
1803,0
496,0
1480,0
171,0
809,0
1684,0
108,0
1412,0
1908,0
573,0
787,0
790,0
778,0
405,0
279,0
285,0
1756,0
1848,0
794,0
819,0
1435,0
1137,0
1204,0
129,0
313,0
666,0
251,0
1104,0
1660,0
1089,0
847,0
1328,0
603,0
127,0
644,0
525,0
169,0
1228,0
544,0
1928,0
1746,0
209,0
1533,0
1975,0
1677,0
930,0
200,0
672,0
761,0
377,0
658,0
921,0
743,0
1874,0
473,0
432,0
653,0
1618,0
1339,0
1154,0
943,0
1913,0
67,0
1802,0
1947,0
419,0
486,0
1395,0
1590,0
325,0
1267,0
553,0
15,0
158,0
853,0
1724,0
1165,0
193,0
1563,0
1336,0
1520,0
1509,0
1308,0
707,0
1565,0
327,0
1220,0
99,0
328,0
1637,0
920,0
595,0
1254,0
948,0
824,0
1713,0
1394,0
1383,0
1927,0
727,0
1658,0
1191,0
1199,0
549,0
1265,0
1466,0
1142,0
1904,0
182,0
374,0
1546,0
1330,0
1413,0
1095,0
684,0
1581,0
1299,0
1515,0
172,0
1768,0
1919,0
330,0
487,0
956,0
1836,0
1778,0
708,0
1626,0
593,0
744,0
469,0
1960,0
926,0
1780,0
1066,0
321,0
886,0
966,0
1729,0
1936,0
1320,0
1951,0
999,0
782,0
164,0
460,0
789,0
250,0
1823,0
60,0
201,0
1957,0
1560,0
779,0
399,0
801,0
1221,0
813,0
1257,0
1786,0
28,0
641,0
752,0
221,0
584,0
941,0
36,0
1941,0
1358,0
451,0
932,0
1869,0
126,0
1582,0
347,0
907,0
1819,0
343,0
705,0
903,0
1396,0
116,0
104,0
925,0
1309,0
379,0
535,0
737,0
550,0
816,0
351,0
293,0
1926,0
1782,0
1173,0
1332,0
884,0
91,0
964,0
848,0
23,0
590,0
310,0
203,0
755,0
90,0
1078,0
523,0
1925,0
796,0
1152,0
1094,0
682,0
1354,0
1465,0
1664,0
1296,0
1388,0
1513,0
1187,0
1892,0
1678,0
915,0
704,0
1177,0
1048,0
1298,0
1260,0
597,0
1890,0
1863,0
1868,0
223,0
1676,0
213,0
1202,0
572,0
86,0
1497,0
202,0
77,0
1096,0
0,0
388,0
1043,0
439,0
62,0
174,0
1534,0
1578,0
342,0
1644,0
1921,0
551,0
252,0
297,0
545,0
543,0
277,0
814,0
1450,0
322,0
1670,0
834,0
1620,0
1179,0
490,0
1335,0
810,0
608,0
1194,0
1532,0
1424,0
1915,0
394,0
1894,0
1553,0
1369,0
788,0
1632,0
1502,0
1153,0
1079,0
1968,0
1386,0
1167,0
1750,0
1377,0
701,0
295,0
1797,0
1595,0
11,0
640,0
1380,0
1459,0
281,0
1036,0
946,0
1770,0
922,0
618,0
148,0
397,0
1133,0
1072,0
719,0
1111,0
1081,0
1866,0
1542,0
555,0
1447,0
1132,0
1125,0
326,0
1597,0
667,0
873,0
375,0
1752,0
1053,0
480,0
986,0
596,0
1811,0
720,0
471,0
16,0
1124,0
75,0
134,0
1,0
1853,0
437,0
1761,0
319,0
1448,0
931,0
1422,0
518,0
1861,0
699,0
567,0
1419,0
378,0
1086,0
1161,0
982,0
1293,0
1800,0
414,0
1956,0
1557,0
1007,0
1838,0
1403,0
521,0
717,0
1972,0
1833,0
870,0
1741,0
1852,0
1655,0
1700,0
179,0
1775,0
1907,0
863,0
1692,0
1989,0
345,0
50,0
1131,0
968,0
262,0
120,0
1469,0
1801,0
219,0
267,0
843,0
290,0
692,0
697,0
1822,0
716,0
1561,0
74,0
574,0
773,0
1864,0
1667,0
317,0
963,0
654,0
1454,0
1163,0
1371,0
955,0
1753,0
901,0
513,0
440,0
621,0
983,0
1236,0
205,0
1950,0
56,0
500,0
1791,0
1671,0
425,0
741,0
1917,0
589,0
237,0
1305,0
1492,0
175,0
1034,0
1206,0
1318,0
152,0
1763,0
1810,0
1310,0
859,0
1687,0
1818,0
1389,0
1184,0
883,0
1783,0
1731,0
264,0
291,0
1712,0
1453,0
1829,0
22,0
1481,0
881,0
338,0
1196,0
227,0
107,0
1693,0
1189,0
857,0
592,0
1979,0
30,0
10,0
438,0
971,0
710,0
1230,0
1233,0
669,0
866,0
1999,0
845,0
125,0
257,0
1575,0
1160,0
1028,0
1059,0
198,0
628,0
409,0
1978,0
1198,0
1789,0
1434,0
839,0
1226,0
639,0
631,0
1201,0
412,0
13,0
483,0
1929,0
1058,0
475,0
656,0
1141,0
536,0
967,0
1483,0
602,0
163,0
1135,0
482,0
1244,0
130,0
1291,0
1063,0
1706,0
1264,0
1873,0
1898,0
72,0
514,0
12,0
1319,0
1577,0
208,0
303,0
620,0
1745,0
1405,0
565,0
693,0
1418,0
1015,0
340,0
1272,0
1884,0
1736,0
1767,0
811,0
42,0
1240,0
878,0
1458,0
733,0
423,0
1969,0
1289,0
879,0
585,0
26,0
680,0
1238,0
135,0
210,0
1467,0
55,0
463,0
1771,0
216,0
1183,0
1064,0
396,0
1411,0
1638,0
1686,0
1657,0
1845,0
178,0
1200,0
740,0
507,0
1164,0
300,0
1322,0
1001,0
1213,0
78,0
995,0
1426,0
726,0
228,0
818,0
988,0
1455,0
29,0
561,0
225,0
1500,0
1227,0
444,0
32,0
1485,0
965,0
893,0
668,0
1593,0
1625,0
958,0
1442,0
151,0
959,0
222,0
1027,0
702,0
1613,0
1711,0
854,0
1065,0
833,0
1246,0
1416,0
113,0
48,0
289,0
1100,0
1021,0
206,0
1147,0
973,0
1088,0
1249,0
1190,0
632,0
775,0
889,0
1379,0
899,0
832,0
1245,0
683,0
1807,0
1285,0
617,0
1241,0
1338,0
685,0
869,0
1185,0
673,0
749,0
1002,0
1650,0
408,0
629,0
1374,0
1962,0
1630,0
1530,0
646,0
139,0
1479,0
913,0
1376,0
165,0
1451,0
812,0
214,0
1440,0
1321,0
131,0
314,0
138,0
1576,0
1709,0
416,0
1029,0
38,0
1273,0
53,0
706,0
136,0
1812,0
1122,0
793,0
35,0
25,0
657,0
1402,0
449,0
578,0
1814,0
1248,0
1076,0
1401,0
1688,0
1258,0
302,0
1860,0
1270,0
1939,0
1528,0
1052,0
1567,0
777,0
1601,0
244,0
103,0
276,0
393,0
110,0
588,0
159,0
970,0
747,0
1599,0
1463,0
1136,0
660,0
1523,0
339,0
329,0
1286,0
133,0
637,0
1323,0
167,0
1862,0
927,0
860,0
1178,0
1020,0
1948,0
24,0
806,0
1851,0
443,0
150,0
1717,0
94,0
1773,0
217,0
381,0
1047,0
780,0
900,0
1880,0
864,0
292,0
712,0
1197,0
100,0
1049,0
1738,0
783,0
1583,0
489,0
1271,0
700,0
1378,0
1934,0
750,0
962,0
1596,0
1012,0
242,0
168,0
73,0
559,0
1730,0
1964,0
1666,0
118,0
1138,0
520,0
713,0
992,0
5,0
1499,0
254,0
1168,0
1093,0
1038,0
1384,0
383,0
1393,0
1102,0
1503,0
516,0
54,0
467,0
266,0
1033,0
583,0
766,0
537,0
1887,0
59,0
1544,0
166,0
1659,0
815,0
331,0
1696,0
247,0
373,0
1580,0
1496,0
499,0
1943,0
1548,0
636,0
616,0
1795,0
1331,0
1539,0
566,0
1525,0
234,0
626,0
1214,0
430,0
1010,0
1519,0
1784,0
191,0
1559,0
1175,0
435,0
836,0
1645,0
1280,0
1754,0
1186,0
1016,0
184,0
687,0
638,0
569,0
933,0
1407,0
1169,0
1794,0
1242,0
533,0
1239,0
1414,0
1993,0
1621,0
742,0
196,0
1988,0
495,0
591,0
936,0
1041,0
979,0
380,0
27,0
1301,0
395,0
1252,0
320,0
147,0
797,0
623,0
238,0
1009,0
1518,0
910,0
895,0
1473,0
1751,0
1361,0
106,0
350,0
1547,0
650,1
389,1
1004,1
1472,1
1117,1
1283,1
554,1
1885,1
170,1
1278,1
1642,1
1276,1
306,1
1571,1
415,1
1953,1
1701,1
428,1
186,1
1005,1
908,1
269,1
867,1
630,1
950,1
162,1
413,1
1879,1
95,1
98,1
1030,1
876,1
817,1
822,1
207,1
974,1
686,1
872,1
245,1
1635,1
229,1
1288,1
906,1
1392,1
8,1
896,1
1856,1
1839,1
1895,1
865,1
1427,1
1708,1
791,1
1022,1
1634,1
189,1
1356,1
1327,1
260,1
144,1
828,1
1651,1
698,1
1307,1
919,1
1877,1
937,1
1035,1
1805,1
890,1
594,1
531,1
894,1
1949,1
1493,1
1151,1
1446,1
57,1
1057,1
1261,1
1470,1
282,1
1610,1
934,1
362,1
243,1
1627,1
92,1
1234,1
337,1
1013,1
1325,1
947,1
1109,1
190,1
39,1
1524,1
1647,1
975,1
1531,1
634,1
764,1
1540,1
723,1
1128,1
63,1
233,1
676,1
105,1
1365,1
753,1
902,1
253,1
1432,1
422,1
774,1
1232,1
858,1
1428,1
924,1
79,1
989,1
1106,1
497,1
1918,1
1607,1
1382,1
87,1
64,1
1294,1
605,1
274,1
1985,1
1679,1
1781,1
1891,1
153,1
613,1
1935,1
410,1
830,1
1733,1
912,1
517,1
44,1
1649,1
390,1
220,1
140,1
1373,1
357,1
722,1
1157,1
261,1
1302,1
898,1
1103,1
195,1
115,1
1075,1
1073,1
718,1
1404,1
1933,1
1208,1
1779,1
358,1
1060,1
1019,1
1363,1
1830,1
1000,1
935,1
754,1
420,1
149,1
9,1
1069,1
1119,1
1901,1
534,1
548,1
1584,1
298,1
976,1
1314,1
1439,1
1337,1
1445,1
1681,1
122,1
1834,1
1372,1
1385,1
1360,1
1159,1
1843,1
709,1
1816,1
769,1
1675,2
1391,2
88,2
1903,2
1643,2
1032,2
97,2
1970,2
348,2
509,2
211,2
703,2
746,2
1045,2
1506,2
1966,2
939,2
1429,2
1808,2
1916,2
1987,2
1841,2
478,2
1614,2
491,2
841,2
1070,2
364,2
296,2
49,2
1511,2
224,2
1774,2
1243,2
1944,2
850,2
1785,2
1457,2
647,2
1225,2
562,2
622,2
1992,2
1087,2
804,2
604,2
1269,2
442,2
1871,2
1598,2
1024,2
539,2
767,2
762,2
868,2
689,2
187,2
406,2
1011,2
1172,2
751,2
1855,2
1942,2
1050,2
461,2
670,2
655,2
785,2
1083,2
714,2
1350,2
424,2
1744,2
1501,2
43,2
661,2
635,2
1847,2
528,2
1760,2
987,2
1507,2
218,2
1765,2
820,2
1994,2
1930,2
855,2
1498,2
609,2
485,2
1149,2
1017,2
1958,2
1085,2
81,2
1704,2
324,2
1409,2
1490,2
1080,2
19,2
454,2
1110,2
838,2
758,2
1673,2
1340,2
34,2
808,2
1162,2
1790,2
1612,2
904,2
1522,2
1562,2
800,2
1579,2
96,2
1107,2
446,2
474,2
1788,2
366,2
1897,2
1721,2
1609,2
1909,2
1937,2
760,2
918,2
1425,2
759,2
392,2
1938,2
1769,2
1295,2
506,2
1517,2
434,2
648,2
942,2
1831,2
1585,2
1231,2
1343,2
1981,2
132,2
1074,2
972,2
1262,2
1588,2
1616,2
450,2
31,2
121,2
1235,2
1375,2
1478,2
1326,2
1732,2
1112,2
1349,2
1347,2
255,2
892,2
1594,2
1569,2
1574,2
359,2
51,2
875,2
938,2
772,2
1126,2
1219,2
679,2
805,2
1652,2
124,2
404,2
730,2
1311,2
831,2
1071,2
725,2
587,2
607,2
433,2
674,2
1287,2
360,2
1099,2
466,2
299,2
1558,2
1608,2
493,2
527,2
1192,2
