node_id,group
1085,0
190,0
596,0
486,0
1364,0
1405,0
1041,0
683,0
951,0
463,0
1158,0
396,0
1951,0
35,0
1387,0
581,0
1146,0
1043,0
51,0
503,0
1618,0
488,0
1999,0
630,0
1581,0
191,0
600,0
88,0
877,0
642,0
1505,0
522,0
60,0
608,0
1825,0
459,0
1061,0
584,0
922,0
1141,0
1828,0
24,0
401,0
1629,0
911,0
1163,0
106,0
438,0
947,0
288,0
799,0
657,0
1192,0
1120,0
1256,0
1775,0
543,0
91,0
534,0
260,0
1079,0
1516,0
487,0
510,0
1024,0
603,0
4,0
850,0
1791,0
1498,0
1064,0
1858,0
570,0
1672,0
395,0
1280,0
758,0
702,0
614,0
742,0
809,0
1095,0
990,0
1169,0
1802,0
1271,0
867,0
1222,0
195,0
1829,0
818,0
641,0
898,0
1538,0
374,0
754,0
1216,0
694,0
102,0
386,0
852,0
1888,0
1399,0
1388,0
1031,0
1980,0
498,0
1981,0
1332,0
658,0
1400,0
1673,0
1751,0
1225,0
1486,0
1471,0
1200,0
152,0
1685,0
1429,0
1778,0
718,0
328,0
1291,0
1823,0
757,0
843,0
729,0
1334,0
1008,0
784,0
1649,0
1343,0
1965,0
595,0
304,0
1948,0
1172,0
811,0
1342,0
1131,0
55,0
1836,0
1286,0
1908,0
1869,0
1779,0
1698,0
1822,0
444,0
412,0
1447,0
482,0
1675,0
222,0
1759,0
296,0
834,0
953,0
12,0
1641,0
1347,0
1944,0
1589,0
1652,0
999,0
1743,0
941,0
1730,0
1057,0
1712,0
1065,0
715,0
1928,0
308,0
836,0
1171,0
1720,0
1856,0
1969,0
1776,0
1116,0
56,0
1066,0
1272,0
1679,0
1267,0
1277,0
891,0
1986,0
1127,0
1380,0
1080,0
263,0
1568,0
1950,0
796,0
682,0
1051,0
1240,0
737,0
140,0
50,0
776,0
974,0
1646,0
502,0
169,0
1645,0
1921,0
723,0
1425,0
1678,0
1955,0
613,0
689,0
1601,0
477,0
785,0
732,0
1402,0
1445,0
1071,0
297,0
668,0
916,0
168,0
356,0
504,0
500,0
93,0
691,0
722,0
529,0
1995,0
1860,0
1847,0
1558,0
1160,0
1067,0
406,0
223,0
1511,0
279,0
1170,0
831,0
1816,0
313,0
1725,0
1654,0
1374,0
148,0
307,0
1413,0
1592,0
1156,0
359,0
132,0
1179,0
704,0
1296,0
1142,0
1687,0
519,0
242,0
890,0
79,0
935,0
653,0
909,0
142,0
1796,0
1520,0
1263,0
748,0
665,0
21,0
1058,0
219,0
1604,0
1235,0
605,0
1918,0
1062,0
1255,0
1111,0
1410,0
178,0
955,0
1922,0
894,0
1232,0
1911,0
92,0
1006,0
741,0
1968,0
0,0
122,0
1990,0
1309,0
59,0
1610,0
1451,0
970,0
1348,0
336,0
1563,0
1676,0
1824,0
1422,0
1655,0
1323,0
1205,0
969,0
1273,0
793,0
492,0
777,0
286,0
179,0
1214,0
1579,0
1000,0
1935,0
1717,0
83,0
795,0
1311,0
381,0
1815,0
1548,0
810,0
1596,0
1298,0
832,0
1424,0
433,0
734,0
292,0
881,0
1633,0
1916,0
1211,0
1886,0
379,0
1076,0
895,0
566,0
1418,0
578,0
1932,0
1104,0
963,0
1885,0
1180,0
1184,0
1329,0
1241,0
1039,0
1890,0
224,0
1423,0
1790,0
971,0
52,0
1523,0
1230,0
1648,0
1284,0
436,0
1677,0
760,0
1608,0
1264,0
1887,0
162,0
1187,0
1476,0
1202,0
1706,0
256,0
1593,0
1974,0
1631,0
1433,0
119,0
1159,0
375,0
1528,0
1853,0
357,0
1177,0
1083,0
861,0
373,0
338,0
1962,0
403,0
136,0
155,0
1113,0
771,0
109,0
1924,0
111,0
885,0
1293,0
553,0
1117,0
1409,0
957,0
1755,0
764,0
1872,0
402,0
123,0
1455,0
505,0
1819,0
1446,0
1851,0
290,0
1846,0
856,0
1432,0
1372,0
672,0
1352,0
1852,0
775,0
711,0
514,0
1517,0
1861,0
245,0
976,0
166,0
725,0
1026,0
66,0
1191,0
1740,0
1485,0
756,0
1110,0
1958,0
989,0
1013,0
1114,0
1193,0
1637,0
1020,0
1927,0
1444,0
1902,0
735,0
868,0
847,0
1174,0
563,0
1761,0
526,0
429,0
1097,0
210,0
610,0
1458,0
830,0
822,0
804,0
207,0
1251,0
1533,0
40,0
1580,0
1697,0
1183,0
250,0
1530,0
1512,0
382,0
1088,0
1636,0
15,0
849,0
376,0
616,0
1390,0
341,0
649,0
400,0
174,0
1297,0
1188,0
1250,0
726,0
921,0
363,0
1936,0
1378,0
892,0
460,0
1949,0
1351,0
137,0
1841,0
1340,0
988,0
1220,0
497,0
571,0
874,0
1206,0
1594,0
1316,0
1904,0
515,0
1961,0
937,0
1452,0
1684,0
865,0
728,0
701,0
421,0
25,0
568,0
1738,0
798,0
287,0
743,0
1521,0
1317,0
360,0
983,0
1234,0
1602,0
371,0
1690,0
1702,0
1561,0
1467,0
1595,0
1492,0
1827,0
150,0
733,0
1671,0
1578,0
1691,0
816,0
311,0
1125,0
1133,0
1472,0
619,0
273,0
1092,0
73,0
1345,0
993,0
706,0
1668,0
208,0
1124,0
1213,0
593,0
986,0
1489,0
330,0
176,0
268,0
687,0
761,0
302,0
1135,0
1167,0
171,0
2,0
1639,0
37,0
117,0
1302,0
439,0
232,0
277,0
919,0
58,0
1481,0
1529,0
1782,0
14,0
478,0
33,0
524,0
1033,0
1495,0
1320,0
1957,0
550,0
71,0
427,0
523,0
434,0
508,0
1398,0
1749,0
872,0
548,0
329,0
1693,0
769,0
1991,0
316,0
1670,0
855,0
1806,0
626,0
620,0
846,0
590,0
826,0
1312,0
1711,0
690,0
264,0
1502,0
1038,0
1787,0
589,0
105,0
712,0
231,0
762,0
353,0
261,0
1970,0
1419,0
1459,0
291,0
977,0
1162,0
1385,0
98,0
1612,0
531,0
1196,0
1392,0
1373,0
121,0
1493,0
827,0
225,0
116,0
767,0
592,0
1914,0
184,0
1355,0
815,0
1034,0
186,0
331,0
1036,0
1545,0
424,0
545,0
254,0
966,0
1798,0
229,0
257,0
457,0
11,0
454,0
1098,0
1504,0
1453,0
1758,0
1973,0
1586,0
1988,0
1574,0
1688,0
1515,0
134,0
801,0
943,0
1699,0
1557,0
670,0
960,0
1353,0
1537,0
1873,0
315,0
604,0
833,0
512,0
1938,0
351,0
851,0
408,0
157,0
1923,0
1748,0
494,0
1571,0
430,0
1996,0
1239,0
43,0
238,0
196,0
22,0
343,0
271,0
241,0
187,0
934,0
954,0
910,0
1408,0
1139,0
1359,0
200,0
994,0
1103,0
1623,0
985,0
1757,0
1243,0
755,0
516,0
925,0
221,0
1265,0
468,0
1877,0
1186,0
1461,0
1483,0
705,0
383,0
31,0
1663,0
995,0
588,0
465,0
1805,0
1350,0
1032,0
1199,0
1266,0
1863,0
399,0
499,0
1035,0
1644,0
931,0
1442,0
1774,0
1056,0
85,0
1383,0
165,0
1695,0
243,0
883,0
844,0
1552,0
597,0
1252,0
1121,0
1005,0
1541,0
1258,0
87,0
973,0
899,0
387,0
1651,0
1881,0
1501,0
349,0
1233,0
1336,0
1136,0
1795,0
1490,0
797,0
1176,0
961,0
1765,0
1789,0
666,0
1744,0
1105,0
156,0
1212,0
1728,0
645,0
481,0
996,0
1626,0
1874,0
710,0
681,0
1709,0
862,0
368,0
384,0
539,0
893,0
1617,0
95,0
1993,0
1315,0
1978,0
1964,0
1261,0
628,0
1959,0
1381,0
298,0
432,0
739,0
1093,0
708,0
1880,0
1324,0
1456,0
1929,0
1002,0
394,0
674,0
1714,0
141,0
312,0
1845,0
1889,0
1868,0
1375,0
1575,0
870,0
295,0
1982,0
1431,0
544,0
820,0
1207,0
1531,0
1304,0
888,0
1940,0
1536,0
1165,0
133,0
1194,0
1826,0
1780,0
185,0
1788,0
774,0
1366,0
1564,0
1253,0
177,0
854,0
1029,0
70,0
669,0
949,0
1108,0
700,0
1566,0
1209,0
1694,0
517,0
1331,0
992,0
602,0
1794,0
1339,0
1867,0
1182,0
511,0
542,0
282,0
1164,0
276,0
398,0
443,0
1640,0
441,0
882,0
1007,0
435,0
782,0
879,0
520,0
80,0
20,0
800,0
1956,0
65,0
182,0
30,0
651,0
294,0
1326,0
1799,0
1245,0
979,0
248,0
1606,0
1812,0
908,0
46,0
1189,0
1450,0
1542,0
1777,0
1710,0
646,0
472,0
1976,0
1525,0
636,0
461,0
325,0
1275,0
1435,0
450,0
1915,0
115,0
1229,0
202,0
464,0
462,0
1246,0
278,0
1534,0
1656,0
1544,0
751,0
1839,0
1567,0
1356,0
875,0
562,0
28,0
1227,0
1985,0
280,0
772,0
1068,0
1876,0
1770,0
1503,0
1817,0
1937,0
794,0
416,0
199,0
1369,0
1335,0
193,0
1600,0
1407,0
1440,0
161,0
489,0
648,0
53,0
407,0
813,0
840,0
744,0
1223,0
239,0
927,0
1078,0
857,0
163,0
496,0
440,0
1046,0
259,0
923,0
521,0
1733,0
1161,0
1659,0
212,0
962,0
629,0
378,0
1349,0
1510,0
1050,0
560,0
607,0
1910,0
1028,0
390,0
1420,0
1614,0
270,0
1151,0
933,0
525,0
1137,0
1875,0
1257,0
160,0
633,0
415,0
235,0
228,0
1666,0
1739,0
1496,0
113,0
484,0
94,0
1299,0
1300,0
924,0
1919,0
201,0
1129,0
78,0
1809,0
1449,0
303,0
215,0
747,0
1270,0
230,0
1358,0
1900,0
1219,0
493,0
528,0
203,0
1072,0
1203,0
884,0
458,0
1154,0
112,0
17,0
1664,0
107,0
1,0
1367,0
269,0
1703,0
1168,0
1175,0
1190,0
1620,0
591,0
1152,0
803,0
1966,0
306,0
266,0
1692,0
1238,0
1281,0
1837,0
1891,0
1122,0
240,0
900,0
575,0
587,0
1112,0
1030,0
470,0
1091,0
1850,0
878,0
1781,0
686,0
300,0
930,0
340,0
1716,0
1022,0
45,0
652,0
821,0
663,0
1436,0
226,0
1584,0
181,0
1762,0
541,0
108,0
1979,0
1898,0
1573,0
1551,0
1893,0
180,0
1414,0
1016,0
569,0
63,0
719,0
615,0
1438,0
1247,0
332,0
1070,0
1478,0
405,0
1443,0
635,0
1820,0
345,0
1494,0
1150,0
1553,0
904,0
676,0
1403,0
612,0
1406,0
1547,0
936,0
1554,0
968,0
1023,0
1920,0
557,0
1500,0
96,0
1818,0
255,0
1341,0
1231,0
205,0
763,0
1835,0
1834,0
237,0
8,0
337,0
1354,0
678,0
765,0
752,0
1060,0
480,0
1843,0
1894,0
274,0
1619,0
1475,0
1892,0
1705,0
1469,0
350,0
707,0
1585,0
344,0
153,0
1037,0
576,0
1115,0
397,0
367,0
1249,0
1984,0
1454,0
650,0
1682,0
1049,0
1821,0
812,0
158,0
565,0
1667,0
1613,0
13,0
10,0
905,0
972,0
1236,0
348,0
789,0
1634,0
945,0
1417,0
759,0
1462,0
32,0
1849,0
23,0
1338,0
1290,0
366,0
1053,0
1101,0
1753,0
1138,0
634,0
627,0
72,0
975,0
41,0
362,0
1864,0
1470,0
135,0
1287,0
1930,0
1844,0
188,0
1237,0
1130,0
1526,0
1729,0
1801,0
805,0
1145,0
1555,0
1360,0
1075,0
476,0
1123,0
1427,0
1732,0
103,0
1833,0
1522,0
839,0
299,0
1466,0
1590,0
967,0
640,0
753,0
183,0
385,0
915,0
532,0
792,0
1792,0
675,0
1747,0
173,0
1155,0
1840,0
483,0
530,0
358,0
1301,0
655,0
365,0
902,0
720,0
806,0
409,0
1723,0
1746,0
533,0
1803,0
1934,0
445,0
252,0
1909,0
1411,0
426,0
887,0
838,0
1857,0
1463,0
417,0
1804,0
1727,0
659,0
573,0
1784,0
1395,0
625,0
724,0
1686,0
714,0
808,0
998,0
1771,0
601,0
647,0
1539,0
1248,0
1468,0
695,0
823,0
1344,0
1119,0
1735,0
211,0
361,0
1396,0
301,0
354,0
696,0
721,0
845,0
369,0
1597,0
218,0
1077,0
780,0
1607,0
48,0
1384,0
948,0
1625,0
853,0
1333,0
1014,0
1603,0
154,0
1742,0
585,0
819,0
824,0
1295,0
1576,0
1598,0
7,0
1943,0
1401,0
1464,0
420,0
1588,0
138,0
540,0
18,0
1737,0
323,0
82,0
1724,0
1368,0
355,0
829,0
692,0
1989,0
1546,0
1535,0
623,0
1987,0
889,0
866,0
471,0
624,0
1063,0
1926,0
661,0
842,0
1768,0
1622,0
249,0
1004,0
561,0
1658,0
118,0
509,0
1491,0
1704,0
452,0
886,0
236,0
1763,0
126,0
422,0
346,0
392,0
220,0
1314,0
766,0
913,0
114,0
716,0
1719,0
1307,0
247,0
275,0
309,0
27,0
579,0
159,0
1285,0
740,0
442,0
448,0
1532,0
738,0
1756,0
781,0
786,0
317,0
414,0
217,0
1808,0
164,0
1289,0
6,0
1615,0
388,0
1107,0
1967,0
1810,0
305,0
1570,0
131,0
558,0
609,0
1052,0
1582,0
1506,0
631,0
473,0
1262,0
49,0
1391,0
1642,0
1954,0
1669,0
76,0
594,0
679,0
192,0
1303,0
1899,0
643,0
1549,0
446,0
265,0
835,0
1269,0
281,0
61,0
110,0
364,0
583,0
1054,0
128,0
1854,0
146,0
124,0
447,0
1178,0
1731,0
926,0
860,0
837,0
1983,0
920,0
556,0
1015,0
1310,0
1322,0
1090,0
1370,0
90,0
1896,0
736,0
16,0
143,0
1073,0
1460,0
69,0
437,0
1306,0
1952,0
1913,0
1931,0
314,0
310,0
44,0
1800,0
928,0
1700,0
1197,0
621,0
1611,0
428,0
859,0
1783,0
1745,0
1683,0
1975,0
1767,0
1166,0
1283,0
577,0
1109,0
253,0
1044,0
1473,0
74,0
574,0
717,0
1437,0
1811,0
1513,0
858,0
1866,0
86,0
372,0
1224,0
267,0
1707,0
418,0
745,0
1862,0
393,0
1766,0
1040,0
1519,0
1140,0
1514,0
897,0
1328,0
606,0
1912,0
958,0
1412,0
1096,0
244,0
1715,0
1426,0
1011,0
1583,0
730,0
1773,0
871,0
1674,0
1371,0
145,0
419,0
1680,0
825,0
1591,0
1540,0
1254,0
1242,0
189,0
880,0
1089,0
507,0
1279,0
660,0
582,0
175,0
551,0
214,0
334,0
956,0
1201,0
81,0
289,0
1397,0
727,0
997,0
1752,0
1276,0
586,0
1718,0
1848,0
1769,0
1605,0
1508,0
1259,0
410,0
1195,0
841,0
19,0
1741,0
1524,0
1905,0
1226,0
1488,0
1017,0
617,0
1428,0
667,0
1465,0
538,0
1479,0
787,0
1012,1
698,1
1997,1
959,1
535,1
54,1
501,1
1361,1
869,1
1268,1
377,1
1977,1
1059,1
339,1
1559,1
490,1
1487,1
411,1
518,1
293,1
783,1
773,1
1882,1
84,1
506,1
1653,1
283,1
1630,1
456,1
817,1
1760,1
1736,1
1879,1
1785,1
684,1
100,1
453,1
864,1
321,1
431,1
333,1
914,1
467,1
1363,1
1074,1
209,1
1903,1
1274,1
873,1
167,1
932,1
3,1
1416,1
1157,1
703,1
637,1
638,1
709,1
1632,1
1415,1
1010,1
1025,1
370,1
940,1
1933,1
5,1
1134,1
1713,1
198,1
680,1
413,1
664,1
1971,1
1102,1
1198,1
1960,1
768,1
662,1
47,1
391,1
34,1
572,1
564,1
1376,1
699,1
1047,1
1883,1
693,1
262,1
1045,1
964,1
1638,1
671,1
1204,1
67,1
1173,1
1842,1
1831,1
1128,1
1210,1
139,1
1362,1
1282,1
29,1
1421,1
1244,1
425,1
1477,1
1441,1
1560,1
1082,1
38,1
1527,1
1377,1
423,1
1945,1
389,1
639,1
1942,1
1865,1
1884,1
62,1
1321,1
1003,1
99,1
546,1
788,1
1830,1
1048,1
1878,1
991,1
1215,1
1278,1
285,1
1895,1
1907,1
912,1
170,1
1318,1
598,1
779,1
1260,1
1813,1
64,1
981,1
1018,1
258,1
347,1
320,1
1001,1
1118,1
380,1
1550,1
559,1
1292,1
194,1
479,1
950,1
1917,1
272,1
980,1
982,1
475,1
1701,1
537,1
1394,1
449,1
1132,1
1665,1
828,1
1998,1
677,1
685,1
1208,1
89,1
814,1
104,1
1393,1
656,1
246,1
1696,1
1624,1
1750,1
97,1
1042,1
611,1
1726,1
1126,1
1480,1
896,1
697,1
1565,1
1149,1
1556,1
1294,1
770,1
749,1
547,1
1871,1
1507,1
144,2
1439,2
1069,2
599,2
1404,2
791,2
352,2
120,2
1635,2
1081,2
1797,2
938,2
1379,2
1319,2
1994,2
451,2
1972,2
491,2
455,2
327,2
863,2
1587,2
790,2
474,2
485,2
984,2
1313,2
1662,2
1643,2
549,2
731,2
807,2
688,2
1430,2
151,2
942,2
750,2
1228,2
1021,2
978,2
1337,2
1144,2
1708,2
1325,2
1100,2
1939,2
1992,2
632,2
39,2
1901,2
1448,2
216,2
946,2
1764,2
469,2
1543,2
1627,2
1681,2
1793,2
172,2
876,2
1599,2
213,2
1628,2
1838,2
1518,2
567,2
284,2
1499,2
802,2
1647,2
1941,2
1946,2
1734,2
1657,2
466,2
1382,2
404,2
1722,2
1786,2
1482,2
206,2
1084,2
233,2
36,2
673,2
1027,2
1814,2
1019,2
654,2
1009,2
1181,2
580,2
746,2
1484,2
149,2
1689,2
322,2
1855,2
1217,2
1609,2
77,2
552,2
554,2
101,2
1947,2
1148,2
9,2
1153,2
1094,2
251,2
917,2
125,2
1327,2
197,2
1807,2
929,2
68,2
1906,2
1569,2
952,2
75,2
1572,2
903,2
42,2
944,2
536,2
1897,2
1147,2
1577,2
918,2
1106,2
129,2
907,2
1365,2
1859,2
778,2
1087,2
1754,2
234,2
326,2
965,2
1832,2
1143,2
1870,2
1562,2
1330,2
1925,2
57,2
555,2
1308,2
1660,2
1621,2
147,2
319,2
1346,2
127,2
1218,2
1616,2
1086,2
1963,2
644,2
1457,2
1509,2
1221,2
939,2
1650,2
342,2
1497,2
527,2
1434,2
1661,2
901,2
1474,2
1055,2
987,2
204,2
130,2
1288,2
1953,2
324,2
622,2
1772,2
1185,2
495,2
26,2
1721,2
1357,2
1099,2
513,2
1305,2
318,2
848,2
1386,2
335,2
1389,2
618,2
227,2
713,2
906,2
